0.png,4NJl3cxwaSwloDZCzzxgTzun8zI2xeONsUNxVwhABqmB2qttmVaIon92JOqPZ
1.png,0Rwuh1eoHhP
2.png,C6bF6TV8dAiNtG1OX
3.png,R3WovLpIni8bNOMPsJPJcAddNkqQ5jlhtDsHF3w7R62Kv1fq
4.png,KhlLM2VeDMbSnQV55DkvHgQW6sNHI0yz1o2bssB8zb3JhyE6TzPNjL6uP
5.png,lXDkbdgSlfN66YCt2G
6.png,f9SsCzhCLkoWibDX1
7.png,GVL6s6XgQ6TmzfX25
8.png,L7UXDM5lak8QLr8WLHFVQ6RzJDVMy7n0QDsIw4grpo45bpeji3d3Mchvouz
9.png,yLoJbNzA41LhcrLqbWclxNp4xiYpyq9u2mjVEhIkdUpjTL
10.png,qbf6FNAk8Lh959nrgi4h8RK5GL
11.png,4extKryomjWlMiBvQDqQcDCoh1kwdnfj
12.png,EC7JMjD7c5xsMV
13.png,Lv521vIVtaUw
14.png,Xm9fqMOqIF6wWYVLWivcxeChDCObauuogtdAI4htbpwLycCR6LJkLUHKxhmsX
15.png,9AJiwmJuUDoYxv81CZ24RTZu28jeTP5OQtoVpFT5HmRANWf6bNMF
16.png,ioUGxxOIZyhxdoKyxEyvM89HujLD
17.png,t8OqJ0QPe7RBm9T0h6KwOEMMCKF0v
18.png,QGjbD7XSPc9fkhXADXnhp36ft4ORLbSmjop2EQLw7cer9uPD
19.png,QMJYa8K7oxY1TsFdKuK7u8ayHHfBsXVVQuJPB
20.png,CGkqaZbdG7pL6ROm8R
21.png,l9KTmhGAqWD
22.png,Wmn7839innCaciyjEVNIg0aEb65AUa2QurvaMkOkuYH8AiZOME0NW8
23.png,qIyhc1oXkdMGk0or9NbJuwF
24.png,ImSyDpwtKQN6
25.png,I30suuHYNCv8CXt1bsoIVD37As98ypyDNQUVoZDMMUDTZAvoKBQ
26.png,wt0Ry2kDWrjp8Ajvk4tYSuk3NW2Hglo
27.png,bXFfdv5ktNbAaf5cgWFBVhxLs1j5LAHqE
28.png,nZDLPNzinfqwFP6
29.png,e3VPwHKxRaidBlDVGzbDuli2eMJLKBlneZefeCwWgbalPbCD
30.png,8KCVwABbVhaXKQBz1OSuRr8VfQC
31.png,mAOPDQaoO2zQcfacfrr5gwGtXK97Ef0vZ8bqLTyiTsvKXR01EDZePP2MFw
32.png,aRK4fy2aDk7FJeTc
33.png,SwLXIhojlBlkEkOAUB5hZ
34.png,Y6z2N7n8ycFmmaW9mquYMU7WAXdTcnBg5vUNnxTJD7MVSIypTk1QWkS
35.png,BZZ2z4NUVRkF4YnjrfCsW8gITeSVTDyqtaqm4bIg7IV4N
36.png,nXT1yTvNE5egNbO8ZNODcPv
37.png,eAZLdbWTsmVl1wqwSAiz3JTxRsBEKuqkKDwwPJuvaE7mnnAyaj9DZ
38.png,dg1yzANRY1VtQ4aYxd4PQf8VijnTQmwxzN7Dscxxc1LXktLG6a9f
39.png,htZJcFRKl02KVDF
40.png,sy3ENi4y5r95BFC8VEVzKYFQlOWSM6fDWEK8thuS6E
41.png,tPqQ3NAf3bfGQ8bRukvlwRy2adLGHWf6NqhQpT5oYk12UCwPOfmr2nPK
42.png,YqGD3nzxgRn7s27OIbV0AUTSmLr1VtoBSCQxxT9Pju2XIhpc3EtMFUygOG
43.png,3QbJFNqL5XBCLbdkXv96RYhB6NWPXFJtwXMh9SqThp4URFghO46WmTR
44.png,KXBC97D7JR70eqwkNRhCZ8PDzZK9nMliKwcvKii0WNSVPLP
45.png,mAHX1xtoeLocYZAqQcq6J0UVZD6zO
46.png,R7RNfLvAaT0K6H0cbGj47pF7CmzBR6wNfOgtSEpExS
47.png,Atgn9u0X0wvWp9oxsg4fW6sUpKB7ZRRrRfdsflCHiGo7aTQDUMPuATMjtSAlsj
48.png,gwglJQLbNC3vV2KfTiNu1EGPuuUXiCqYPcsswE4sxiqtKybqoF
49.png,lslzOqyNA6XmWazcxty0255JA
50.png,NhhPziDDaQnNwFld
51.png,Xrll7j1oyy6ubpofFLA
52.png,3Qnwl5jxjogvIWcJdGgooFPoZ8ZQWatFKdjKtsSsBwO2rLiPQfAm
53.png,WMRp3AcUSyMBUEAEHMR8FkkJLDMUiYl6U7dJaCtLUjkA2K3IyT
54.png,mT55xMOhL49KS02jfdXhNjT3eYn1dQkbNj0auioY0lwG6GePntLhzU73
55.png,J98sJAXDhxJsONclvYdvCaRD4o
56.png,Ob2PFS3EYW7ro1BAmi3as2XDID36Nv8Vak3SD
57.png,ofe2dTTImfteRAxda5B5FWU2A1xr8u8NkuNYQi2sz
58.png,xk7b7ZeCWo5eQnbf8VK7hpdhHuSTktsKwHbFaaSXDYh
59.png,qSeacs2MdOaE11Z3Al4OcKoKmqIJSWmP6i2BN4E8ZGdlceu4F3OE
60.png,TzwgT7GAuCqVWNgq
61.png,LzrGAmPFYGfi4rK3eAipMOwljIRlxaTmX2X3DJ
62.png,qwKY4oluwg8RY5GRLRpSSXa1HnC99yaYbLamF5RUr6AvwybvU9dimDDdxrQQm
63.png,iU3cqzx7NOeodYnku6buWp
64.png,zm99ena9Y2oz0ixEY4Nk3KNJ6kkNzllEHLtUjZcz3HQKWTi7enGtBvNKfzz
65.png,gQBnNxa5LDtsWwTgnz8nf8OWchidWUDcEX8D1L
66.png,EO1M2PjUhNDcBReYXp7OPqNmxK3S1CZEAUs7jHBFZkyWAJ5cNftKSFovezv3H
67.png,YZnn0Rr0LkRKJ0u3uiKYnraPTcGdUedPqQKlHyayt70k72VM4
68.png,g7MQLeBQWOh6YxQrz8qd2QJs2AbgpZSQNomSAvRyAdPfrJFZPWTj7HjjQReVg
69.png,pC6EvB6oOxp4gXTjjKRUSI
70.png,89BMtdotiomxWcYSxqD5SDKWJWLIEsuqbZnuZLbAa4IZiAkgEij8st1FJjK
71.png,1U7yXW6ef2SUNLWMt6
72.png,Id2v6fONa72f2YI92aSUbC9XGY0H3
73.png,01isT4TWOQTyiAR2
74.png,2GfzToJiKUloTdNVeISQI4ZZWg4sJ8DG
75.png,WRUzrVFXGi81NvZytDJ3xT2QwAgk1xYaoCwtY8JMJCx
76.png,yQukuz8KqezOuX6ir9twmr2eMSLDqxqBQo42i
77.png,8Cuvqeume1FTiY2
78.png,DJRZdYAj0jkO9xF9xBJP28kdXEIKsjBb1OV8lSXls3X9
79.png,8ET2lo0TZfOTrclK
80.png,bp2PAB6AWxE4gND6htx
81.png,NmRIM4uZEk2UYAKgjJ6xg3mtQxWE98iXGIssMLKRx5ljhpIZe
82.png,YepAuRetA6E
83.png,T24GBmZ75IREtpAidqiTM8yS8il3yRsv71U8PRW1F8s4K9zAGImj0
84.png,Ev9s4z9ABkZfFlbqDWQzzGsIxpFk
85.png,s9gBDjEqI7c1jMU1Gy5f5Hu3ALi0Gyvb6
86.png,hlww2E5Dqmpkod
87.png,NCdczhrAIQIuq5zUoSa8BIL
88.png,YvSUhCCHEpGVacDx1KmfhwxjHPjGqCZJV
89.png,k2eFRgaH3u8MKbCZ0X9ftpo4ETEb5HmIxPWhTDG1kwz2HGAQXRy3pLxAVs3
90.png,9sG90ErN50Xm4pAaxEKBKbf05OPDCXAJGGm33Dt2IwYBzPgD
91.png,AVlFauRihKvugwpP8YJvH54wtuV99UWAByISbvo4yNsm8oHdqNpur
92.png,1HrVd42e15BZ5oJJcHglB8zKsDWoIRdgvR4brt8zTq
93.png,7kecBK7DT0GnrSca4sEZg7BzfjcBWFQFLjlAvIblrSWl9p3djw
94.png,hIZiMujkRYnpTHeYuAlODVOhzqdGwlCGSU3TXWZXQlAarmXfgi1sFbLl
95.png,rR9TDgHZBveg9NVAxHyTnW2sis9sHCDJ0ypZyaln3OqiVcd47SPgPp24u
96.png,baIHU3a3KoiCxTvIWKpJ6odLM0TxMcr7StltKsXByZCPoOvCvAWBH3SnBEi
97.png,ccanm1zzzvGJD0vCELipSDlUUltBO1Py
98.png,Nn9Le3SkNQVgLnTuhOEceUvW8JHMS
99.png,7ig4WXJF65AGr
100.png,oCq4kDqcj8i34swRV9HlXUzw8KD0XGKf1c0kaWek4ebukeQzNyDGMBVL6Q48p
101.png,5APfSV9KbzqwtH1LRxMToQe
102.png,zH41GNbfBocQ3Y6W6Jt0wCWs29uCmJYrXDsgKhM9zJPKj5ABWUrK27tV
103.png,rIFhwlfta0hNbkV
104.png,rXFMqDHsoT2XBIvnrs03RCdCkOQcGabqQru0uzsz4ZgK
105.png,qrFJjbjAAtCCPL5rDho4zsqE9TryCjNV9
106.png,cTzq1nHu87qULkUM2NEbZad3IzmpfXgrApXOKKAKg8s7c7dp2vLa2
107.png,O3QmH0jZNU0hr19vT7ufKxZpEkkVwtZSC3QtdYjyQ3awtTDykdpRJMQH
108.png,q0FEe44Qnva4DuQzgtsg31z
109.png,rynLSQgfh82svVtHWVXp5TM1
110.png,Lu1wduZZzQH
111.png,B5ymb3Xoyrv59Wr87mngO6RYTl0thiMPU2ivjWyY4C4tm
112.png,8wYnJxTzX7BJ8BEDzwiYSssliF0OVwmbbGwuZl69iWvTLQb85KS2gZq2WsSV2Do
113.png,x8CqgiMJXVSDs5qSCFqNHuHuvx7
114.png,l86ivIlAhpRYr1DBQPFZrS0OuN5
115.png,JLjWeSutCf6TLTjh6olIJg9P5WmSu7tjwydFOBbEL
116.png,xOtw0xUwqBArN8stdEUKxY1JDZwkZdZ5WwFkeX
117.png,HyI5I8mbIdDyFsa
118.png,7v5QZLWI4afXvGcYH7M
119.png,HKhJCIhu3gH0vkQr5
120.png,9qqWpoBR4tLuhLPeNkWO3WyLNj9eEk
121.png,y8TShiKe3oSpA0qjDbU9mM3WTO7XLxBAEVX22Vbbyz
122.png,aoywQnQLvLGPCHfLMe066BGTjxloIleVOCcIhcMSlQer4RpBYznAhDCkvt
123.png,tVnRjCkjtPN
124.png,sXXsCIusl3iQumVzHqpGoGseKVoeycwxlQP66qDo5bxYt5Hm3
125.png,wTvCcKS1WCpHR
126.png,pWpAFVabvSDWSf7M20EDwuXNH3ogaEB7QU07BwQHVBS8TtRoonQww66C
127.png,6M78ZOm7SsIpkV2RvqRvMxamwhAD20j6Pcx
128.png,ksHe8UqNOgfoRQLr8K2cbA6RH1h7J5gJ11Zv8QK5ckgr80qbb4C9mSVfI2Eo0
129.png,sujLpJ5ZYznw1xhUmpbdpChsaRwhczfMGOr05M6oQZcJioCoIzjkyKxsZqZeE
130.png,98WOb76k2Rp4HaY5OtIJDl
131.png,JOZOPE8hyfV
132.png,aSFl2a1AqCjsDosMmojGAScWA4UXDWGPRL9dO7gy8P9oV2m
133.png,kujUGMoVqPxHciuwamWWqG2RmfQ7RYnNQ
134.png,MMCxjv66CkBLe7n6nYCGEdpXzqkqEWp
135.png,k4nOgT14GUnXR1UAa86vTRya7EmTcB9jykgyS2UGgwOd0hccml4
136.png,EBIT694Ju3lzbAAQv
137.png,M6v6lHZFMVpS4awuUkiu3lsj7QqcS
138.png,ORzVRBLXdrpb5hnDMl4IGagOpQ3EBfAUiORuKqgMA7BxFvrPepdFi6hag
139.png,A9qfyRkiB18tP3uHdBZPygofGEl6XGvwkOxwpy4OCpdt0oBo4TzMyH8HdmYv4
140.png,V4CprfHwqRTBABMfTn6WMeMlXNNWE7l4PL2
141.png,4KRK5UANtA7uFSZjliaYI2a78fMeBqo
142.png,faSB1N4jfx5Zfiv
143.png,t30qAYHvrtuvxs81Z
144.png,gXuypC5U5pNQfN4d1hmfaDXJzzbQltToiqShBGM4dahl42Alyo
145.png,3wgco0HUKImfJR7Paeyur2jxzVkl1
146.png,mfOLYGJDHQfdJgyg9fIE96uIYLz2HCmZHRFumVhymldI
147.png,B4r1nLGUsVDibJ3rFpShp3fqru4L5JiEAN9IzOQzguSTNifSC35OFw4rC7Lep
148.png,x4TziycVBA0Pyg9csSRFPWPEHOzZU1Xp67W2TJFdqQJI
149.png,AgiIsxopmYWeRSRjNlmOnwpJttTQ6mfDEQbJX8HOi7pgvwO4Ux1
150.png,zctpZu0zLWTMWjpAWteCTQQ0cX79RNM5gkbzNw2zZMflM0rueaTbp5uh45Pr5
151.png,eytnRk0HIPG2MvlXGNHUAHTuUU1hndLrQMQiRjgrAsRwvtpzu
152.png,ue9B8eYlaP9efpja
153.png,pLgUHae1M4RhVF59An5lQLthRbM2ddY9
154.png,S9MoSqcEcUdhvfbe0IapyQhJ2eSxbFudaIhXBgutK1E
155.png,o6dJf1P0fKlLpcTWnhESkdSaYOQMruQcGb
156.png,BfOt22xjcwDYj0npryShW6pTc1TKoL9epNzFzLr
157.png,X8NHzkz1d2A9kF5NehzSxwyQr2QKgnFY7G7BG1vA8bP3b
158.png,HWawqpt3Rhwvx08tUKc1J
159.png,YzEufIECw7P1tcXjtuVxGZqukz313XQ0rA8bd5FwUmFQ4Iof
160.png,jm5cz4PD05dmffbI4tyi4jZ3FiGzb
161.png,NH8IL0r3NIZ4UbuOoXWOIxSVhiJs0dIIf6mEte9MRGVX4yyzwarigXu
162.png,sPuiOVH4Q06MbQn
163.png,CuEfU8CrnzrwLnH4iaiXAGenRxTVqWVM
164.png,5kdMZUIl2dqcLmQETSetTz
165.png,StbVMMjtclc8Ho
166.png,11hkI8FzxvnB6TcCiSPalkWwaYMvpfK6gDq3F8phuNwaY
167.png,IUFZ6iXBjUo778g8H
168.png,uyVgsTN3yuNXsWGuspD7mDWUniRJgc9z42UgKeeD3E0a5Ty410AY6plhhBO8
169.png,mgvUgE7BbcqD
170.png,qkkH9qsX6ZN9sqByQ8Z86ZGlird
171.png,emVsZ0dJaX5egBD1i
172.png,4TeFmu1dqCgOgwUPlF3W42OyCCMMW8iqUf3DENVNHG9k9
173.png,vtAWdvL8TKPPg0cWmyxkj
174.png,W6wUij08CwDEdIkF9niHyn8o0NFmegWCdqzYSxCAbxmUC8tCll
175.png,UP2K4156DR5MTB5UJFxAJcds
176.png,bdEjduFnOpwB0X
177.png,WXOkvNTE9G6XSnXcSK608aj56OQEGUGPVGCli
178.png,Xl6Ji60zR6gnfCOngkXZzBckFOiFboccy751YnPfZ01zOG2cGm3RNbe3
179.png,zsdNJ1eJ7vN4QoK
180.png,E0hMOaNXetuOwYNX
181.png,ugLJXhvEDzzglaKYoq6d207vuWBfrZ
182.png,ce2TmobjgCdqdlr6bXAEwZezEhFTHyat761qmU2siOTQhVjOsx1cZf
183.png,12bf9pJPiPjbUgEaeTnMQLvqbLUHmasERlGKIz
184.png,YgkN9cgdVrzix7bZhALVIUvVlcDFan
185.png,jK7mMR0o4Cczs5uohdnlMjZQjpD2
186.png,OT6K93haYgfo725bnSd4V3PHsO6
187.png,dzJUi6vqLQTkCXU6ntkpL273cyoc0ERM21h0eSkqYmEyAkBoSkC
188.png,g34TmLgXh0
189.png,TMBiYAwbdp
190.png,EpWcinnpSMP8KwtLVN9ZiuLBCCbATR5eSAbFyY0JmahROPvcxUdjh
191.png,A6SBHPZ4ZnzlW5lrU68fw0o6tH8zYmG7aRnLS9tyM15jA0y0gwpO3v64Q
192.png,JpdsOBKwJHMjqtlpoM9s9f4zpUHiZCTaGa
193.png,oiK8PCHzpeVEeHg5CqXbBtrGx1YOrqlA5T3efBkmZqKeI
194.png,ayNysVRBtwTFMBoYf6z
195.png,8uMLdHGgVYlX0NjwbqIxFLmJUFbYC5RHOLhYqYELD9y5UTBE2ZNidRihrdsF82T
196.png,yc52j7Kg5NhqyoIHT8oqwF6PZ
197.png,JPnO1SB0JUVzEf846OyQ9l4Na
198.png,a9UJWUg3i54GMzfm9xsF5fOAol1d3DIwdidtmoye
199.png,U0GL8MUx7OaWoDzkqmvLtE2U3jKly
200.png,H3vs3ylP8eaECb1ao2E1lyoyzxER86axKvRaSYRlrTvTZwe1TrvM61bcs
201.png,VbnAGiZ6mRlEc9aHF8cwWH0cjZiIfrpEljkXJMV4oKlI55
202.png,eQpnuRVsxl2aBBWbERQJa7
203.png,sBd639p6bP8blaB0hcU9UDs3GW7
204.png,XRCzqz2JTAYWokK1xtP9rrDvSP14oCvTQJ6bZNVFixxvf1ALsP
205.png,9QLIaGPxLXbPpOFdXuZ
206.png,zUciEzPMqJn6
207.png,CqvtoancNeioowLHlYeFoUtoz2ri
208.png,mZyuUXteOlC3k0dg72m1ttpE6m7
209.png,mxblGPtxNTy1MYfRCeNQDbXeTMg5VwvuXST36vOTvf2MRVa0mZMyUvy6xD
210.png,t3m2m9vb3Uc7BRAoH3iIjswJHMvnGU7rpDq3pZmisgB7DyXVRGrwr
211.png,6TcBIMN0KF9AQ4wAORYTP1sInE9YepDJ
212.png,VSKp2zj2rXZp5OviRRhQYLXF9w859Z
213.png,6Jxfet3SzbQnEf3l1p1KrAilPKICqWPwpLzCB4Lako7XAcXWZ4L9TmYEzzT
214.png,0LuhQl4EFfULjK3gjBJ7QeXAGo4BX4Ue7K1Ql
215.png,WV2e85V2gGa4SYmCeM9QzHNRWsWn2RGC6NojSQwDxBSYNx5yfo
216.png,lDM8awBO83AZiNrwN
217.png,atELCTzmMWO1SqIW5ujRts
218.png,pqqNDqb3n5sK7feAbJ3
219.png,Oq2XrNXA2sF2mrUothFFkc4B77OKYtdz9aQmnqgZ
220.png,AeLvVJDf08cyk6nMGWyagDZrAxjfA6EZ9U4xudZzIi6gjVTfMi9PRYLej0V
221.png,jFlqKel9PTUCWtEnElLOy84XdwWLjYrgKo1tqdEQVWY0pSvU7MXtyZz0N
222.png,yA2PGYOTMazwjL3gbHwDdlpjEKFXgdYYtlyE2
223.png,uBQpCo0obqpXCmpoio36v5pelF9BzwGinJKVPXDarSPC
224.png,AQtx3l0JZWACkoL80eck3yKzIlfIkGHe2rN3cF
225.png,4Z3fivAAamlKt4AJPvaJKUCVGwHr2BSWokqiRLkChKQEoU4Wn
226.png,S08lxQTsydt8eXxEKIRN45OCekknEjC
227.png,J7nSheiVLxsgOy8fvnxItvF7J6faQuJNw2uHWuo8s7E2UwcbpxRRT
228.png,F5ckpeYCZrjm7dFIFYeuslHbC9oLnaXcaiSRKWVxEMPHq53l8YQmj4vaF73
229.png,SgCE7FQ5V8nx1QbfqPbBWCkomRsMD1rhOINKbd9
230.png,QvAA5ryOy4I3Dp6hpP3nrlL4Jfu5NtbhuTYpf9mfsqyPixn092Bs2o
231.png,rOEhnUG5eQ33P5xwSgUv313v7wcaL3u97Zs4vS7uEliikssSYumUz7e0D
232.png,QsB6pHlH3M22FASEgS76GHCRZj3wN8ivq4DOcF6MBT
233.png,QdgTyCv6xxNUlhIRBHy8VA0lxH46A4QYq3wnOZ4ej
234.png,CI5SDXDT7yoXNPyQH1vpVJmNxP8FS8MumXOT
235.png,fvkW95aQBxeYYTWkepDxj0VOQ1fud9vIuFVQFl1XBfpG4hctILZIQmJYvpS
236.png,5YS9DXfeHXsk5SBv
237.png,8kJAJKyp2ztHbWLnXSS28EumlDH
238.png,7YZmy50YiPSGmi3L3bWbTpCQaR2BLihpM41CTTr1r
239.png,0E50lHEtM4pzzJeBKVqlLNq4kieVvceyh56T8G
240.png,5ozoImoUV9rawnw8k7xE49
241.png,tnhU0hl5zjhUZJAaOA4SortlTOrhLWWrZwNhek7
242.png,sJUZX0cgNrKaNlEmzZdJeB
243.png,iWOAZjaIVLOPZ6m0DWpFtTZ0R5JfpsP85uCpbAG
244.png,lZSXssZi4wnWnIEDdt0df21WNVfBj19iz9dZkvDQtOysUZjRzfCVI
245.png,sLfVhvh4I2QRgvWJNkX5FQvFUNC1Tw0TnUxL84dLdVyhvgVaph7805jT
246.png,eeoO4UEzDpvM5miBAfeOZq30DJm6jQYixz48E17mQViR
247.png,IvwJwOBRavN6oUd6guYLXheWYROajMdZXod6FaRyE88pcX5t7reRzcLHE1sSD
248.png,6QHlLgynfuuOXb
249.png,MIWGal18JKjymSBgJ8ikPExGu
250.png,c1o8pmTGn7jzkYqTQ8kP
251.png,yqJSFXlA0ErdGtNvoACcAT2jmBiORcZrgWYcuhAmfHA43ebNbKRjbGp3
252.png,Epa7sfvQI2qzb3EhHfh4zv2MEkW093fPGYlUgrmiwDfCFscAmS6ICg
253.png,82vrV2LuaG1sdZvENEXMn2po2gPNf
254.png,qaV9n5y4kMCYErqeF6E
255.png,yUjredrRAfrOlbr99bv9
256.png,sMnnWhwHPj2ylDiRRWTOt35QO0nqJoywqg79j8bLTWXnW3dF
257.png,yECJJ3pxMqSBV
258.png,BGBzIruLW7Y22AarWAO7QnoPv5tiGM0SGYK
259.png,JE8PdstWDUqB4nGEbjBMh
260.png,9gsnKpzyupDdEhiltyVpNVgw9WZgWd2Ou4oL6ba1JqPqLXd6Bjl
261.png,fyQ2EHUjdxeDYTncL3Nfei5uVqgmSxRz8gYJicDSN0X
262.png,SSQARuNbZQTI0ADyy
263.png,XyE1mdbvxbF9PHI9ztv
264.png,Kzp35dX6fPqNT0UQHacy743S7siqNcSd
265.png,oxaz0fLCM3aGDR0EOz1gdlOfJjZJL7521jTVoc8I6zDRSIWN
266.png,KZsmimZrbM5
267.png,PoKfQcc6agORoe5xxoTdgl5Zd9pdvzkckWOj3IscI4
268.png,Zj68ZA1SrsL0k5Jsg6dZxNJMmzmKVR
269.png,4t1BgbYKdhw2zaR11cKIKTghXtjPor
270.png,4ILfrIBahoGVIxjTLPloEoHlAibVh7avmlbTqJUfkoz0hWroqoBSnDwlTvob
271.png,67BjLJ3Lhv77jCnlZKB9NU8dqIkiadEnW6QlrgLQaqFFU
272.png,rWDdIEWZ0X74br8uLYlYpMfgouuLbcnEi9535vnxtxqjQZsTQm2KFZkk
273.png,AeU5msnWjHkF1PFyBDhErGhil9Ga68zFe
274.png,gYcT3FOivpCXA8dKELKEuadDqcQdQUIvYGlyT7fstefxjxkr6ONW
275.png,ks0dBMRcPmVwBRwTDE9cfpIEr4bPGdPiWFS2sqpCZ1Ws1lKiQ
276.png,DgoGnowqMmsKZspf4TB12vfeQGfOpgatyb6wH3x09cS
277.png,rK2JISJGbCAaKrwuCyV62ALypPlY7
278.png,iLuAYmxKWPxAKtfD707unOxzkpGGC3HcHpaFuGfao1n
279.png,EBXAguilJq0yQ7dAZub2LaENzmrLYlcuPjh6QVsp6m
280.png,62iAeYsSbWdb3EjXXYMKp
281.png,emR2Zqcheh
282.png,sp1IGW110kyQDBhdHOAekDjLOCit7B
283.png,qWC6aKdRyjk01dmL8v8lsjBuwo96vh82j5k8ahlqPA0sBeOF1ldF0gfO
284.png,mj2nwPw6wwvNFkWrjw51ldtOE2sy9V8XfgSTjJEHVSTJ
285.png,1xyW12RqIQ49crBTUwhjXvvw5TxcYsIE1pl
286.png,laYt5BlC5vMgyKA4kMjW8yoxwvFFksSru5Lu86cZrSyRVqZRgoSV7w
287.png,PxjMB2HPhOdynDdcyqn82h1vTdSUbx6yXpibTIsLrXbXn
288.png,aGv2ChF0rDObBPBzrLlvfisSQDC1vKFKB8S1FzsBov0LyxD3tpCqQtWmkjVjJ
289.png,aFueUUNfv80CyNRSwqidoD66MftBIy4XSZdK44IqrqcUl
290.png,lx2u55qqBf8ufRFoB7pEH4u71Y549hHZa
291.png,MxMavzSfRoQByBFc30rs
292.png,2iZnblbq50UYgAt9z
293.png,XhZETCfysG31XFRRjcebRf5ZmKPtHNMa9
294.png,vUA4PwcMVsUrqC2lfkEv01Keb5YCBfoswH8v3Cz65
295.png,k6wJm6monZT1POV86l3SuiJ3waZj
296.png,WAXkvQJLfUt
297.png,o7EYoPmTRZsJABNDqFQgJBCKKZnaPLmt8UMbnU1Zy5VeCCIueOnEhdKgbXXeeRa
298.png,bLAgtq3SR3MhIX9lYefdg1Ep
299.png,M5TNfgCCVeYhtHnYH0DvRyDtjrKcjbTt32gHMnPLtxI
300.png,kKcpoS74tBKRKz6ZwzviMRM
301.png,ixhtbiZ5z11VBrR8xaR6aCU0PbEozUfJuv
302.png,lqSj33AyrX02ZKSFtI1
303.png,Scasw2w3iUi
304.png,6OwFUEE8dt1grb8qqzKW6wJG
305.png,lMo1pGnxwuqLtUc
306.png,mT5Y5JCrII
307.png,CfDIuNuhn2LG
308.png,XsvQcxoRCnbBGmfbJzzMKWT6iDpEe
309.png,DGHygXTdwZJpSlOWYXiezILzdSC2I7TxSdQmT40nih5DPfKTCfz
310.png,XiIe3r3cERQIIi7
311.png,G2lRQ9ykDJ9LI1LWTlaYEArfMfXBY6i5LA
312.png,EzpLyevfuHRTCD
313.png,k70yeSf2UkNuAHd0ZyxNVUa7za1dTHXqPWTnZnQLh3vgpGmwuH8EeijR4Sd
314.png,2UfF0Gvzz5nv48lt7xACkn6qg8pBqQlXmvpcctCNEJ
315.png,dAidhjkm4A7fJS2uqXPj88M39qZOtBv8AtYbVJHCK9rCuUJOa7CBc
316.png,58EIVCKvu7o48LXwF6EW5emYdJoScmIFTyhL
317.png,QXrgFMYe6wmuzE3N680lzG5HjOzW26RNg9WBEMDPKr
318.png,7MsTDZo25uc7e1XK2LQwU79
319.png,WmCRSRir1XUArVI4oPIM3G681VqnyCSFnJy18pRjwiMeIXfRvGkIt4XucGtBOa
320.png,Ho9H8EokBEZSJt2DBCwdReuMOI4yJv2j4G7jU6krpjoL6bb9KqK
321.png,Olf3knafsF4XoAUTrQ44PwJq6r1eALVG12ECM3hXBD91SP
322.png,Iysy0iedoRyrHYxaa9xlWrqDpFWR83mB6yWYbdesEl9Ve69u2ImGkO6
323.png,iw2bOjsexWGsCrNhuJeFmQIuZfyprgCb8L1Y
324.png,X3hU6VqgRto5XfVlnbTaHMAIy
325.png,fbFjeAWOzMji
326.png,7VB9sD74jpXixxuui
327.png,4DFZoDLnuHn2y7SxQ4fRjPca
328.png,g904XQFGLc4Aibta7gWd0jWAiCLQIXtnKrDGox1l
329.png,9IGC1jaQ3ko9mnaAJSAICjL1PmGz7pxpZANeQXdXE4WOsehOu9gozN
330.png,dDTeKddU3spXqlDRwcEiJ7ngh0uyGee91zf
331.png,mcfozwyoQ5Z94
332.png,s0WFUT5k9VVTBITPq83plfGiX49nHvvsAjKGDdD3d8folTcNeSJ
333.png,h8xhsiELVTUODdA10nJZK2r93yCsEqtrwZG6p
334.png,a9LwQ4SsrjEpR
335.png,hedjx6OswkuSklcC3N006TQL5na6ejKWpjd4Wuylbezt3hgEoGaP15jcjvUCSY
336.png,QLdGmiOxvFjIQ9zMWz
337.png,B9UNFwpL2JfuZC7zEz7VdnC20XeJbqU9D
338.png,yiKZvin2WUdUDNTUXae3UcguBhIj
339.png,ntcl7VQpEUP4pm25o0V
340.png,mIH49yBIvQ8rQLu28iNVdXen1EmwAvBN22DqERA0usQ8hv0EyPICL
341.png,PoM8RfN9Zpn7Tc6Q4LzZe
342.png,4Qouq1r7ZuooAwel05fvOhIA
343.png,XzFqSKTvgDd
344.png,e4MrMdAxcwp3idZRFSKvNsnMsCzgdcLkAkSbAPNh3rfNXdpAkjhab
345.png,6A0q6SIKAbXhLOvjgB
346.png,EzIKn1DT01W
347.png,hplYNfV1xBgTEL8
348.png,KGDhWQGcYJhfjGGHxsH2SFzLHX0M
349.png,TX3BX9UQzQnb7NWP7m
350.png,oZj9JcbX1nY747e6lkJ
351.png,MyzGY9kWu1ZN6a
352.png,iUOFI4dWOFviZWbyhh0oA1YkevOAvhOttagzxdkJN
353.png,M305tL4eI3pdGav3fBsMCJFDp0BE9dBarC3LTBVvSjHNzf
354.png,AeQGqvaf5g3H4exuTJXya31iwuWGdzMGC1dXEVVYJ9UtkrRtxAAtPLUevcZa2ki
355.png,ESm0NwmVQyAyjBBmi5tvNGQiTPC0Sj3yMzZRjCo9m
356.png,phYZHOSRpfMUVeo9KxbFggQkwJ1p9LTHnbEoZjBbqjdBfAgX1G1Sh
357.png,fRAfBvPSeAx6sehGb7nbsvW6qHdCHmKfI92VQm
358.png,W1NTc5HBtTXkYTa9GRcCRp1hofAQigNVU7r2RTHegefca1Kttdx2lPGXLbTYrG
359.png,ClMj3cqp1x98tMCOPPlkFywRNIGUhx
360.png,gKQM7YwM4qA3LgS
361.png,k0BIMLAO6H8c4TpjnPxc5sMx9wjnlTraz1RCfLx2VRM75r1T39CxYv3AgLj
362.png,pLLnl1Np9WrLfYFd8kBIjl87xY11c9
363.png,BlTmDwtW730YnCIdQGwMCYZOKbzcc6vNcM0j6
364.png,MyePBOP24FKC0AJFVQReKYHUYw
365.png,qVj7TSG96M3eo5HjS7Gpc70uDwau7c6a1s7TOqqIT
366.png,ICCyJ2YdNtA2de89J
367.png,kLitlbb1iPwfVwFLfjENpSiYUUFMKXyyOY8VQlIycWJZctm92xPUiWUOwgZFspj
368.png,esonir7NxpeRKOaHcEnVCcUqJTif7H2qWuca6LU2DM93mhQUXOr46VlSAS9xrue
369.png,cNa6bECAJSgBUEGSi4TlfEVdzMZ8WweBWiSpuP
370.png,AaJpPovlLP3Ng8
371.png,Wsn5t05Gn4VXEzEtHkVyNdq6m
372.png,Yv2E0Xl3p5IlFVYS0zmdiyWYTtLAyP9H0BbjnywVSbNfYExPK4
373.png,NrXC5el0ykPNxxRGblnB1bBJfXRv6AV3nDZfIdhqgPzn
374.png,l9vIWBJBYol1Asq
375.png,jjkpANxLzCOnMQXziQvni51aoCgE
376.png,mAgxZPfY2MF2kpb
377.png,gpv8kAuNvegJuv9AwOaDLsmJ1ZCxb8btHd5iR5j52CX4S7vrhTTJRSWG
378.png,oaqklp1LvPx5HNnlyMhlKGZQvw8VsO3y8qVWoCozLZCqLpZYMW9tgLvMuF2td
379.png,MmnYaIPrN4xOmZ9mvTQT41QNoQc2gvGUc4hTWcnn5kcgdlvC6xLyEc
380.png,8NYgTAcfoL0kQg11xYINOVG
381.png,gcmvPUYCYENiDSIb3je8iDOIksjbR6o7IGJzS8QMCuzB
382.png,DpdyoLEI8g1iH6c
383.png,LSk3rzDKCvcN1NSogVcVHxO5sGx2vWH2
384.png,QL0mou0xkhfs1xj51
385.png,wur14SfGAJduaYXqZQti6R6dPFnfwU2TibQrUq01mP15wFggTNVT
386.png,r1htOOdoIaI8s6uMWZ2FNQChiWVm5oaMdVzm75wsa5LuTmKMh4ZA
387.png,Z5c4bMlENnZkvcZ3pWiQvsOqQlxTGyJXDwGk5I6oZBMzum3Ek6DiYxdCfSmQ
388.png,d1NpvMYniH
389.png,F70dLQ6TAulUvviQq
390.png,jZRXr7eZmZeVecJ1OgWVC3FMfw4cQ32KumvZHihVF0IjKuGa4Azx8yERiM2Fb
391.png,ZJE9T4N47MZFHhfeAxYi
392.png,Yk0rZBDDU9OJITCiG5siyInt5ei
393.png,Bmb4qgvKxKwFPCQMEE8yJhnoqktq1gF7BPQ
394.png,gGAou8YN133o001lpLgHIL
395.png,eNfxFC5XSUQ2FAYwplCDz8DwGVOk0z533umswZgzEMWA5w
396.png,cmQGLMue62XCIGjeZ91o3rwsRSUIotruboZaF4Ex
397.png,XHx0iR3DHuvecCdDwuIoKQSuYrk
398.png,PibNLmEVIthOTTDqwuSnp3h18RHI7FjUZyf8rJpqmTa0
399.png,4Z99cCDk4ApBmWucOtvFbsIArvas1EjUoZCkUsjVb
400.png,DLYNml7oF9eFimq1FJHKY2ytoCfcLRPBsoR852zETEnMTcEQ3vvdY6lopVQxYD
401.png,cGZMkYele9
402.png,eFXPiijxgl3ki4BwDAKJ4LVg9ya5kq71PeC
403.png,nVaXO4lMWv7CyazRZtPAQFnGVmCWX29hr5RwPENTY6u1D
404.png,NcWjjdZnv0skNm
405.png,48tccxkNVLZAm6S
406.png,Q4OARVVe7BUnnBylzbKdQTCKpNPzGOkj81A
407.png,1a7ARQajqHKqegj6eR
408.png,hKqsnili2f47mCgSdQ7O3LOPJD3tJauT
409.png,nw6zJk4TocRwTFN2mBfcRKJCGrEcByRH0mpHZqDOnAQDgF6S6RCscmRrliJeJf0
410.png,phRpCcnGfokTetMligl6
411.png,EPOWpMadHKWmof4s
412.png,nu7Rj0dxYh7x2fOgt8bglxMS
413.png,4b1E7jwMvD2
414.png,4m0h7ZEYp0Bwu
415.png,DXYn2aol3OApU57U4bknPJZiSc
416.png,dkIL4cOTp351JtuUGNdTNuB7Tn3NdLDa8C
417.png,lyhwCX8RsgEBcGVo4zI5ROf6YlnEDqo6Ipl
418.png,iVQxr2rsI0X8Amf1
419.png,CNnW1ZiRmirme226bIpYTZzEQ
420.png,VeVrUOL82yqAxBmQ1X1UoxQL4nbw23CfGYLgeWNIkOnnIcsw
421.png,hrsFLda8Jjhf1Icqjkt1lPXPkPhi7oCo
422.png,Xe7tOL2sL7ChqFTuul7BuTqSlY5dUJ22jWUIsctJWo6nl6BZZhNAV3A5
423.png,faqkLrzFPaXlRCkYFCR0CjYwSGfTPcyuJufTwRt
424.png,wY3UIrViCRULmFRJUdERC0Mgjd
425.png,PatEvSPYe5
426.png,cRVZpKm6VmPMGolk9yIxohRmWnvn11CI
427.png,ULh6llhYKjyZx1dPFYMF
428.png,XHc6sFk4HVCVsGyN8hmxjl
429.png,uJ6VAyP4d0
430.png,bVyGDzqw8llk5sdnSCAlv
431.png,r5sfKcJii1KkQGfpjmEox6JvjXmMMavYykDZQlScwoOryQ7OnY776
432.png,VNFLauOPx2iXd2F2eyxeXt06eiTy2qIjSm8X
433.png,7ZBBUN4tniIR47qYV14ryI9DsHfj1zXpQXpgNXw3Z9Bsr
434.png,aJhYqBvNJZGx7QkTv0uVhKjVQbx
435.png,ONvSyS5z7ng4waXnFSLN1ykHqQTWRsqPD0DLaIds1c14eeggdriUQWzP575gKJ
436.png,1tgEOnG6LJE4dy73KziVhiHagXwHmHDCcoctdemMwKpfViyWb4vjl9dkQWE0n
437.png,iacGDAsLQqPCf6IFjBg0qoHchFzOwHSgFYwWYtYIYySqfuIy
438.png,LFdNjzmERr1i8QBOwVfxclxTzgWGxKvQfM2LCC3wSmMo1GOFWpR2O
439.png,ST5JCqwAo2qoqViXvVHXVIfPcv8EQrMQ
440.png,X5zIWLhCD82G2TLOZoMglVkl0AEujyf8qH1j6MMPLgPSY9TfaIkXy4daLO3J
441.png,AHjeMBbT8n1TlG37RM
442.png,iM7bXEQNDWYgvlqV6e4GQhJ2TQBmqlGdG7NUXbGENPdAZsM3DZI9hs1
443.png,765EM3aywvrUd5KoGj4Ye3Lyn4Xn0r88youM1e1smDwnTel4P2vV1gI6Fgd6
444.png,sbHU4eIKRvvOtugux0pfTDpVbv
445.png,og3HGMrIWNordK
446.png,tZgN5cdb6nE5GiFuyTiBZ8MFEBb7f3gcUEZAzU6bFsg0ZgXf2u1bFkuLnK7z
447.png,HUA554ou366HKrNLYzMQX7sziIn66JYH6ImU1RunQNI3RBfNDL
448.png,i6Cdc3I7YWEiohC2ylHoeQsWZzmvE0tx9VhCSM3EGSSCmy3zztbKvzK
449.png,tUjJFv4NHfmJKV8rfNFgjsV4c4WS2YeWCIA4sD0WpRTNXztJiYWvM2QKBThKSP
450.png,LokThRTQ4tLlBz8Qzfg
451.png,fyeTBsep5bLic3eCGKzqNKwTWc95LqPJDhW78Z70qTGZoAso3
452.png,uQYo4NSe0PvCSriIszztPXwZcwwBJLop9vJ
453.png,X0zAQ9l108xGB3iFNXFDap3e9Va4uMWm619bXBWPjev
454.png,jWjBRIwtLEFyA8jmZkrHN21GEqPVcHKtmdTz4PtMT
455.png,EJgFQD9bdvo1SOB7Z2Op9ij7OdLPWr9racHDPSg553ePYln90DR8HsWd
456.png,JxFG0x568rChp2F0yEucvOM4J2IgScXWgXEYoA5vvtqDt
457.png,9BShlbo3p4lM1KzvIQkCHAXPt1oQebBG6z089WSLAYRH7CPTrlp
458.png,3BXtNBYhIpPIEt0DbvvPUMKW8x7pBevPu1P5pgpN0zn3gJaHkwRJtwxbJ3dG
459.png,sWQml39FXj4qcUVJhu6mkUeTJvadfZjHBVfRn
460.png,ezt0AetR7arScJv9EMibkkwfakBEaZdSlT
461.png,yUMOH6jgx90qNtz1VDy602
462.png,NYj6n875ltwVMrjw7FxQQ5ryqLoiIJe2tSLdLT6
463.png,XNxsjPT2t8NR79vNS433dsIWvoqoWULjkc3bE8vtp8fUQd4rX5lcXDOfD5AyVL
464.png,VQAcMFWmUVLXyfVjxGyEVSjlqbh0sQLgXRh
465.png,sohJHiAMENQUXsYLP569qinAzvMD14Wf
466.png,dWXyRy4BFxMPjBC5PTnYPfMGEETZlOKLRe
467.png,mrXpx7utPGcqVuLPtcdRj3gKmMyAcWiD3KqiXFcAwNM
468.png,ECCNz4JEBWwhDyBgDKvJYQyrqv8ccLj1c1zHla0RUe6
469.png,LxkfkFjrQZxtxnZtiB13KzVw7LslB
470.png,JSMV8599VOEw7Um
471.png,cUoyrvZdfxZvbmAgPr5heN5OZ9SabdC8Z8E8wz8Vg
472.png,Qn0uoqcCyZuLWjPP4fIehO593KaJJmIaMdm7OAooDtaxfJxZ7Zsru3Sh6ye
473.png,OfXdyYEM5JI5kdbGkRb48MgiiUJiPhpJQIq5Q7UfOVcBf
474.png,TukqWcvxIYg3Kvkb481hAbAbfuLgJEG74JrUWk7YzSpl
475.png,T0fUCl8BNqWQoILOhQruWOCIrg3vb0LYitlPH5C3fwMBd
476.png,k3zF8j0UpVL6SU30Ukm8aUlGJPgdDD6bwKWfyG6pL3V40fWshcAJn1Ci9Rw
477.png,M1VyApLBO632U
478.png,xTjYjMyN8o9iL5fvctpXaienjCrCej9gMARRqcSOduTpZ
479.png,A4TtKtDPOhIFej4iNkQ5oZ5Ebb4oLjyyVai
480.png,zIr2K2HJM0EVazCcNAsXReWLf5idOcHUdmZmLq9gBh
481.png,cDooYziPHSYP4eBGRclSlMfLHSCxQeh9I8m
482.png,leFfq3saLn2z28YkOuSilinA3SimZPDVSqjtT3rNY4ZtMi9plJXNQhTv
483.png,Jxh9linchH8Y7LfWWNhhYM1AhAt8XUX9IsDmwFIrH72z4vgHNb4r
484.png,LBLk4C10k8B5jHbUFVwFts6c6XapPDl6VVA6reyJPwL5aXH
485.png,ZuKICw6gafVLyEYcVEOFiZv2cAFVN1gmeXCBPW36ZYGiHVjVZQG
486.png,CrACjkVLFq6MVEWkU2noQQVyLAQjEMlApBY7EtNQtMmM7VihR2OMPt3wjt
487.png,VYyQm93g7lBwvwlAZOHE
488.png,KM76m1jp98OuHqI0WKyKu80IeBSMfW8eJiCKqTcEN2WEEre1jMV4w1
489.png,3mXsyMd2Z2x4jM51V08Q9yFplv4eoZUAIKBRRUFRXcCGu
490.png,4Nqwh478hDyxZxm400c07AMb1htRGD4DP
491.png,lyGMtbKR61eg9fPpCIsl
492.png,6mblnAkWiW
493.png,sTqous3HFqKvKDRniEPIleKDuHyiryBM95eERLZRb6nJ6HxJD
494.png,xT4eqQLR7j
495.png,1fd47bnMfsPvaTzaYXLRW3uNgJWyFs
496.png,iQaRiNCWUVNHHL5WtJJLQwC8DICPNfvdwW2KF6a
497.png,wtWorUfHkD3IZzmEDsjthrnJXEnAqb48C1LtkkDAVIDGlXg95YHwB9zyRo
498.png,sybM5ZHXzCwtKsEb43lJE6hWOuqtv2XG35U3va2ef0IcUWCJ
499.png,2WEq6HWXkt5PYdDnqt5iLfySM68EBRCJmwRW4J82Dg
500.png,xmdmq7huYTMULtAjgFrfqt727q0oKDymy
501.png,WyZaE68iO1HfCfAni9NxdYeAQ2FZZjEqdxtY
502.png,KhK81YoLw8yKm26M3jubtc9PnF91PNVhY8HXTo7GeLMsaShRzd9JKTn
503.png,9Xcx1XABkbX1lNU2GD
504.png,vtdbI5ZqJah4nFM44Wt3yEh0fQKGmHE47PKCvDpli974pLO7DuWA
505.png,x74ZGuw3HuiFvBaUEdS
506.png,J5E5QhaGdRlQwARx3KvYMgJnPEjlQll10zY77nLmczt0pnrV8z9Tr0k3D1
507.png,KiZFAdCvEQh85lS9Q2OltyAGJT8qyCWIXmFJTF3ks7zCISwWPuothIJBz88gKK
508.png,TyrE0yShtX49UPKWfSPsSc9uwT3o9wnl9Rhj
509.png,HSjbpdPeSznBlJSYuL9b6itLFVaV6MsfdTLjOlmzpe9Zj2eDR4zzdGo0nml7
510.png,8cb0m3NbC2ZcS9RIvotAenvO2EvnI2RiHNRez1vN9q7ZTv9TA41pqSj6aLEgy
511.png,4Rt5PCh0pZ0V7GSwoOzKGBgl8YaJSrsXqqR9El
512.png,nnM5VahFJyl1oYTxo8b0AjDq4KyVSjW9
513.png,tCWoCa40TQdjc0dSkNTZcOQSznQD957d4UyDIyHq6pwtNdqd
514.png,UTyRJKXQizv0DbdVK3BoGl8KAoxEsZ7QiOWR9roYUA
515.png,WUljnDFLaO9BU
516.png,AMye5WsQ1E697nWmnIeKar6dMm06bFEZ1qWl4k
517.png,PO9ddiMzcR8rp53lkusBe3mG3DxywK5KyIJ04bZ24bBw0MM
518.png,6E5ddqtWrpL13AyiuNyu
519.png,zUZhb8cHI2thVrvTyphQmzuavVQoArezpg3XcH
520.png,WwrdneHm2OogjYrwEGJ5atiYIowiaX4U
521.png,LXOVd9k4hzFbFKGhpgIgN1GhklQsKYLFwLtUiLGKV0p33u6e
522.png,QDKM1kxpW0AD0c2hElkJ7BoPzzqzLm0DMggt3jiGvsBUn9oQP6J
523.png,vqHccyYkXtp
524.png,ikAzAGlMCu6l7u2MQ5USwbihPZy8H7GdQLGFWj6
525.png,6DZGojaaZwtchNq43OWVggy6cpwfLtAtaddNz4KxuDQTj5n8Y7SnQQDHcfpD
526.png,VWBkbKv3TbZ4tu91iXQ3djGcdL0kEGKF148bdivwym95pZfHyOm7GcLbsH
527.png,mYB2p3yuxCU37eHvB9R5KtoPKQJJKzKk0AtJdraUZ2eIx92enSXmx
528.png,mN4XiklbWtLYx8Csv9G9MG
529.png,6ZRQOf9066dHJjcl5mTSJbnuAAf2JcM5dSdxv4zw3qN4JtbC57um29A
530.png,caJa69wMxE5PSTsmWpGJ9y1
531.png,PbvrBieGuhMT2ljAcfrdGlPcWRhainwxtG
532.png,NOEgQnYl1Q3FvN76FNIRUWPSxgUjrpkJL
533.png,G412ArnIf13LBKwYXLPqw7iKxviI
534.png,jdMZWULVFD2e5ZyBhaTJX02kuzkKqzDZkidf5F
535.png,NYzhWdnpNn0
536.png,DkDc6dRVjBS04VPUiZMy4qefuNP3HEGEKbgtm8
537.png,xRxzfZFEw6VYz1g
538.png,3OKbEw4otahR427ihn9hY7fDffkXwfeckuw7moIYAJCEQAbkEXf0Ggkllb
539.png,F3pfCQOYeMnLkKF9UbQXV177CVu2EEJTUpfcimU75FFCTBhn3ZDq8vQAQ9
540.png,dTGAoVmNPrxVKkvCtzcA8SNIQOL6ZFNj6Kbb08x
541.png,H0ncgz5uyD
542.png,DLYKZFtaFEjHHaFi2szBR9s6VMU8ooXjMznoHPa0IDoQCaHDfhTtqtSX
543.png,feg5eJbwtWXF8Jr0RfquXDYq6ssG0ANlc
544.png,WhkhL0r8cB3IzariUUZs4G4VRtem
545.png,9gCdIdrlyXlzhbJZMWIyHZ8xaR8aKDU2R8KTt6yb5xL1YW2jNubQwwQjn
546.png,BZEINm1AtaGEmYrmK0gwq5gTgJHi1wrnUI9
547.png,Gt8UdiGmxu1JXdIYZ38iVMwf8t3lZaJ8PT4wSvd29fcepDQd
548.png,5hayuv2UdvJT354eJTGq9gHSuurN2M2vRIk5ONosnHTNSu57jdoFWdx
549.png,U2mntqAYPxYYsmgjF7vzW8GeSsaJi
550.png,twMWpQovTpeVLVXUwkvbDXjp8ZsYP7B08pWEHIYlOenmyK2PgaF5LPtTDg
551.png,l2k1dZFJxuOBNJ5n2XU8JHnK
552.png,TTTLfCPnS9UHuON
553.png,npqYqZ69uzOmG7IcNXxgwDn9y5dmPnJy0cEG0zDcYRnqzznI2A9G4B8XxWwVxH
554.png,vGt5tEJ4Rwo2
555.png,lBvIqEh9kyIkTpKzTwBhlAz
556.png,2ykYDI9IGmRbuLNFWBnCoXeptS9fKoGK0nleHRQnx9M1tEHNsQ7nU1QbklC
557.png,dqNYXODUEDEB85qy4WBNkwAQDJQaPd3nUQy7
558.png,1VDA7ryjazCUh0OC9D45hUXIZFTJTrl9qezQjai5EjEIEg8dHgyT4V3Zs
559.png,hddxWs61hJIhptyY46M2wrArBN9CwECHJH3t4jgaUi0kFy3YbV5fKcgMKwQQky
560.png,22nkmHgXdZ2JlJyN
561.png,9W3ZqLkx40YjaoiGOauhre8i6nH7E
562.png,iKHzDhrpxHBSvdH1QEyZrmIlW
563.png,wJhhpnq2L6pQ0xpFNTXlC23ooIY9
564.png,VqQDr45oKjp
565.png,BZSsS1gGrj0vIK4RcEnoZjDLovfwOMhSFp7Mj4EmjjPw8dOnyYVasT5
566.png,OUmCANylh4qDRTBep7dq3P0doVHN4Cy39M2kg2OjBQkGd
567.png,5Ijssylwbd4ni1MZJQWB
568.png,utcSDYVtToEIcABauxnHVsLgRkXCQLYP6i3BDSf7cylmjUwOlm
569.png,kJ6TTQ4sm8ViCGGhIjVnshG29TCmYrnp
570.png,onbCcx8DyTkCElnzNCWwMB0JaybskW
571.png,TxCFa3RRPQfSuy4ZJBGPfkoHVh0NDviz7txw8PwjLhV4OtL2g
572.png,51Q2Nd7jD7q6oSg5KtexLvhKcK2XbnZhf04U7R
573.png,guUiWx8dEUeOzDlab29KRmuRY1Bs5sNo5Z6jtCvY0R5iReEjL2oxMB5vexil
574.png,Oqyjssqp6h8MNL1KlDqy9ltDgRJJNGQySsHUfNkb
575.png,ipf6JX672IqxLoDvbVbZMnfqDOE7ibeT8eMokbyNtKeugYFeOrP
576.png,wOGjoE7KWPcKsp8soM3DgSHrB9yd74vee6LzoD17CjY2U9ceOTxKPPVZnPKF2pd
577.png,yiVpKn4XRx01bzsw4QFxcrJhR
578.png,ijbo6kSGvmryE9HOCgT
579.png,Hfnxvpy0t7H3IHRDxe39zm58kZHx5LtDDx7joHXWw2
580.png,vRknYL7osyu1gSXb8
581.png,dKCVktAcFeWfAKOaHzSFrGMUdFq2p1acyjGjsLRe96qA5QdKhgRtjC
582.png,7s6NZSFaBhcEGgc0CeM7a
583.png,kiq1FegSaSdyyRvdbaS4sBnQ5wZ90LpjNoFp6IIt0c
584.png,0OPOCbVKnlcmnuII0CquB4b2Upcz0IfQH09dQRxO6iw
585.png,89o75B3xkp16QYJMX1q9OWirCTptAPYbmv8Djzsq4cYIRtstCRb
586.png,NYJ5L1qtPROGSIl0egMMrsf7OHqafmGBFkSgwvfxQI7Soo
587.png,e8dh0wfz3C6P
588.png,FdwOcVQ1PyWeJIDXkEUtEydd8rwy
589.png,cTdLqYahDml3Y0BFxo4MCleuOraP2UZyDGqZR71KErENpqTgIbVRnmi
590.png,0MObKQjM6AO4wOcXT01
591.png,71GsxaRhny5lS8nPKZp3zEdhX4TrRGTToB
592.png,4i3S222SsIZHJPiOrX
593.png,FPPv8JSWwbxS9mCwv9uvTBhjU
594.png,LJkL7wv4G9G6Qs1iEgVuy
595.png,C8fGirsO85nPauzY7J5CfEf9M3RZotc0mekyKKBW6kTJ
596.png,js4HwV5o5Gr1phUDE
597.png,K9mbHGsHLeY5QTPykprithQ78I
598.png,Q2VAf5mEs38MG
599.png,aAFsUtc0f7p6VUqQ5IvhlO2q2JFU0Vj4RPKjjMm
600.png,79WNIZj4cksVzttHf2ejELMXgrIOcT0MPjwLgw5
601.png,UFwmojbJPspwCvBlFjQjg2b
602.png,WvlWAukwx0AlEn4UnKsQ1IKIwGpaR5ryVJlhGlmGi2xMyhMv34HFCGt
603.png,vwmN1E6O5JQzm3GOeRoALN8gJSxuU5eQT
604.png,ldb12oEgmDehKPJD5OQeEauXc8ncFlRyjZmrtaSXcRRoMyPeCBtALK
605.png,6eSRp6tITNwcFS0r
606.png,exokuVUTOPRcd4N6fwhbI4TQr2R
607.png,lJQ7CztUcsaCUfajFAX6MN78TTYC6Rqz1NoaTP5Nstxx22
608.png,eQRC5M6bj3
609.png,QNIEKKZknTkAg9PKyKR6pLjbxSfBxE8ZsNtO8jaZTlhFfKSXcG9
610.png,T633iaSIpK3YCzYKD46dFgtgeHCmkl0X4Z44EZzXkqeCYGH
611.png,3HmwyK735b6nh
612.png,30bc807V9h0TmLUU1izXaUdjOrAH8c4fn3LTMSjX2kbIgSO
613.png,3m6f6FBpSGWDGa10cN7DvA98LaFfRFCMlhc
614.png,P9SkAl9Body3v01U69UKSn0atiHEZocyj2sjEK
615.png,VG6jpOMkRF1ir4GToj4YrVwfKAAdvFWHFOBkTH0eyZZRZuoGoVopO
616.png,YiqnAdmvFMVb9LHFO9GQ8xSQMQOMX0qpUz73UPEti31sLjUp7UbyCtp
617.png,NCXkMbwIMIWezCsBIbzuLa9N98wesI96HC9tRQEURQqpwrZyvK5
618.png,Pl7SLNLrcAWllXrEK1ptTsBYcTFajI
619.png,MWbLVlvdJSzx0EP4B
620.png,7nCHSCzzwEHdE2ZH9wqhsnMlejaH7jdfXAidGiYqRMlouMl0scPJulm7HArG
621.png,YuV8H0XxLrwWmm4DawGQb6AyQcyb5IwklF
622.png,5foHSu5mTBnF2P4rcwgZJ4JXy
623.png,7PtNMQZ8vtS3ZaIIlbsNTfJ00Ers9p
624.png,6BY155km1Ea6MxsdyWUxys7gXnE0G5rSHtLYvX2fzfSmlHJp3SIY
625.png,wIDlZC1TXFrAFPNbZ9tJ9PiyL1Qa0CDqgRqmwlgL9pm3aPWmw8JG
626.png,ZsuPpAcBVFWXRzqiSoSDRXgFeOjj6PjezS53i7mrL4QFLGzA3SuQE0
627.png,3uHCHaE14lkSL7uM6mbbC1RWJP0425zi06GPsHdUSohR91CVEzgfWO
628.png,5TvLELef3dnZJqXVnbTYzFHd1o6BivDPAO4qcGArP0mMcrtt
629.png,zw30ACIIfzT4c9dCOPJMnfwpT1Uz52dpcPdNsJqI2jQX6lwDReuNmJn6UtSZuci
630.png,JaKCZwtcnDrmegEyit19sn
631.png,xU0lsYJd4gvltzSv8ymlEQhE1L43J8ZAWt03hZ5WDUdGtcU2TkV6NphTTOz8
632.png,MCdHpY57ktyHpgmzbBAd75iemBUNRFOyNI2JWxEr7cew9U7SmErogU
633.png,zhdR9k61TUVxcTAW9HGtwKzGzSKpCeZpL5QKG9bXADi06aR7iy
634.png,AGIb9hTzPcusGknZuv0k69ieFBAyhnfgLgEAdSC9Su1dgz5kRNKkcxag
635.png,Aed1KIe75J7f51omj1GuY8SJgCr4pLD73i
636.png,KYivtsVVt3GnYZwQ15taFP9eQdiCoQV6PaH3PQ9NRSF
637.png,EGFsXBJJeFlsGBV9L6jTzQmaC8iNtMKIGcEu4rRhfNXdlOv0
638.png,kG45c5DdvIXhCxBOpYhFl7m
639.png,A8oKjjeZvGjT0LKzYhz8FhndmD2F2gt1YdWs23CIeF5
640.png,2gamWT2pB8a
641.png,gJBm0sW6i1eFbTbnzCErXIloGf1v
642.png,qkajWiVk1x28tnvAojlKPfi5Lq9ZIZnAwm1K5nS9yexzeGIT
643.png,l0gfAiKU8Ls7Nm9Pg5Q4mLC1QnZvgIRNlK2MwddiQBJ7NAZI
644.png,Khg3TZt7NGigmCDe3UP7Q
645.png,TwOgzkDQCXVrQy3Ff
646.png,XT8WzErZzBe105M8aoMCdxUMPfFOH
647.png,decxwmbIv8jEUwB45bdMwxo
648.png,SsXk6KOKK0Q4gAcQwnSMH6rYI0MS5SAic4tfrgrJwLChb9Djhwfww7O2
649.png,qzYc0KpBP49VCJWNcA
650.png,v8Rw9srXxiFhxIBgYfzTl5AtrmYnW9U0pRFGyWwyKqsIY
651.png,4di8oE44k4cyppdaXC5J
652.png,s1xYp9OvD7pxMRlB60
653.png,btL1xhyfdgVH6lz
654.png,FD11U1u3BgTyZ7Gzgdn8qcGgkOxjT2rQCcL73Mt1G
655.png,JEK2SW7NZNzyKhWJIQqXdPRLJ3kMLVV3i9q5i9l1JU
656.png,jkCzwSHLdMcN5wBxnmabOzUUzZKAz04XXECfPEH0YqVrISxArBHoUFf
657.png,oLEDg7GDrqzYXokCBVOK
658.png,ugT9eDJTh0R4OnNmHqLoiI6sOHIzy36IsuFSUHV0f7h6
659.png,1DMGSKe14pYEGXQVcB0IuNUD
660.png,OWax26az1ilDIP
661.png,ELTauEhbkUrkJd
662.png,NAZQFLxLFibbvHr9zWqJmBYSYZhffa8FPDHf98kpIHH
663.png,tMN9SiuAW41btceZ
664.png,tuwLCnxAFFWT6qwRDoxlpNYKbwIACWSzrNG4QTL0pgA484n08yPXNPe
665.png,9pl2liAREH2DD5iiyfuYQQwoFUjip8WFzXf
666.png,GqFk1ZuPkdGZmqUfISNOIo
667.png,ceWBjKDY0O09Hm01fwoRAnychwGzCPAwYf8FEWmbw5h
668.png,2ujnzdF9upeI6I9zYmvR0lryq8i1SqWZRQeytsMzYJXb7Qev9ZAmzTw
669.png,ECgMDPMx7bVOhzk26ntErBdKOO
670.png,G5eSSDti1DCE1UKtDf36DT1e627iGPf2gUA
671.png,QxHH6wykXIfEcyj8yyUqgTkQCng5
672.png,zxYBL9llN0odsqqeMXPNnUPgR6r8oEZJvn
673.png,68lNrE5iWoRleTUenMYTVbQ6aNKYC4PYi57ZuQDrnHJml26bgAUC4Ia7lYVG
674.png,UNNGEwma60fZZDWUXKkodm
675.png,zm8aT6uz0zU8eFuHObD7byY0zUzy99i0QntQ
676.png,LFZydkBJSxIw5xhXjJUNk0a4yMBZ1e9D5OeMVcVpeFyQxUNnWZzB4RCzVvlroMg
677.png,8M4QrDv8hUqTcTx4FPRBRcagPZDSQ
678.png,k6rQRVfwtOnOMRPrBBkyhj
679.png,s2wO0Tn7r1lsXdmjoLdGN1mBSfR9JufXeORkwntuuJkZpjQFXJAIzqkxj4A1Y
680.png,WyHwqJ1223TnhYbTG4lxeHGfKwZ8
681.png,o4fgfIDdrEVmQvH
682.png,XpQxkAPrezsFD0vTI49
683.png,4qRJColVDCUNe7Edbbq825DuSTaES5lnFudjsJneX3OfI2nshWjA
684.png,hGCWlVuXmAfiarfiGb55jPEUHfX3N6TamJ8LzyLviTi4vuJTD5
685.png,WDVql2rrA7BPUMaqOyFZhGRFXUUAhsSb6fhHyZmo3QfModvGbuM3h
686.png,wl7Sqi5a7yjTNSRCydDMqxXabRgTfpzlgfFTF2UEBQak7cs38GCNMiS
687.png,KRqv26oys2nTrSvikejAA68IRHtlq04RAyUin
688.png,JA3QOJVV0z9Mq4Rk2O4QrOBX3tXIGdXaBR8KpjMyrwCJOA9828X7OIT
689.png,SWEyqM9PNuOM0eiJBKyjp4g2LT6ZtxGCx2
690.png,9nNwjc7hnhDqaYdd6AwsV4wgdSo6jRDzS4gMHjqbpt8bMMgG
691.png,dBnbWNAV8dTkufiVasBkrP4Pgbo7AIvH
692.png,9nlVoQeVsZGCPiti1c2vnjuLCHQXdnKohiPcT8ifQMAp
693.png,BTAw94fpDQsNdB0P27uxkY3o7oKBTeewU36fWkZ8szDo
694.png,7Fnzth9uf5AxMk
695.png,WTiaeHwDb7ITDLTyMN153e2zj7k8HGRtpS4AwYgiPnEqk0HxWcQgwIh
696.png,RnKIXdBj6zQbhfxzggd2ev7AHGiSeYHVQdobmAuGcQ8mjBszlZYb
697.png,JKrpXeYtfi6VqJXeJ689ZrthFvhUq1VTDEQMu01Sxzt1RkOPLu
698.png,WSB4dIvJGFLEDf0OeVuzDu9BYuiiKW5xtEwfg6wG45oaOv
699.png,OFW5OhL4jhGgs
700.png,Sb2tMG0K68nGxrSosxjFx88ZBWHgU5pFiUgnTrvzcp0nsbUGrXKdi
701.png,XknenV4NycI5Ii9m7AMUd68EK1
702.png,w1h2gsDdXqpk4mfYuF
703.png,06kxyODMRhb
704.png,KIV63D922Ll4RB6J4MdjBj
705.png,JecoNYpWD7iiUdFcbJhvDO
706.png,QKujjXEKxEElAiTwQ3f3etjghAqCuQlJrTTJUCYOGdNGMYgCMaVGIRT
707.png,PMGMQIM6m99QGkDpCAC
708.png,phtrr0ajEi7hB8hT7fKdR0YMUw4VPbori5fz
709.png,xNB8fmmuEfc
710.png,pWdiN6809KQWJ8n8vZA4p
711.png,AUde6QsC5w
712.png,lcfnRwCQPG
713.png,C3HuJ8CrgyOv0TVljDS6RH
714.png,3gDzNQK2PYfFpBB8q3JTB6X4O1WsseU8DAwNawf2kKDaCC4
715.png,ax77rY80B1pNtBQR8oh3R3
716.png,HgLkIAtJWgi5lEAAxz1WCk
717.png,wOTlK9d7TN8sUuSN3967Eyo1pEaa7ayqG1L8jVPfSI61vAzxYKVSOa6ls
718.png,dhtFH5rHouz8Au2NsAWEzgww7g4ZH5Lr8dbOut0spigAjxdBlA0wYQQppF
719.png,9quvOZ1CPPkoeZj7rPTn8044NqqVRp6qyGlsHnw2j8dPiG3Jv5MhE6kPV
720.png,RI5Dq4Lzldc4DZm
721.png,zWtfCfjur2k0Jf91oXJpmKpj5bdU8AkJAUIoclV2Oh0qcHotoj8vm4t1fQFu61t
722.png,aNXU4GQgIaPKztQMLgwXufVRphAWsOfF2X1JsJA0ble4aDZ
723.png,6Q0BaCoVBEQRStB2r7CdBR6yrS523eDVYd084gXcTrC8qGd6NFbuspStxBWL
724.png,qjKJL6KT27mbteoGrsMVwUSSDA0FOqXpuSTkpNM5IpO5fZe2vUIQ7XuNl1ViMM
725.png,dGAe3ZXDceGcrnK4iYcG6wWxSvThRW5Z9FCwkV
726.png,Xh4pQYAgTJn1extz9Z2ghqUcWrTfJqENibHfZlijjbKzIDmH5SU4oBHSBdUfKLn
727.png,8otKVRVXhzsxwDrQDa20SXLx1MhGhOdupVkDbt8iYk
728.png,oZcWZ7DZ2o9e87dSNEYwtmEEDB6swRqJW9RAKQhQzipSP
729.png,X9hoJeEVVo3qnBN5ndsNvdamlKeWmXyMThR4ioy3AYyjQu7T9zzYKaR1gNsw
730.png,nj5fYDleoZmGG4eOO2EcCQmfa
731.png,xiP4DsURGxiOpgxf0p6RhxvyjvaKPfoHKWRI
732.png,jNp5iObf6m6J89HHAGxDjSFk5MPG1t4eu81ZpBmnLR95Ng8DjanbwTp12S25dNn
733.png,atar2ZPADRP2SgmvlTK7Iq353z
734.png,XdgaK7DPXHv8B87atWBJfv3uRJZY5N8efTcOuWAml7JdVfpsuPeS
735.png,OXZOc05lsuVUSEwLDIKH21maNA8Xa8FPKGe8S2xaLDSbR9FVgGC5Ncq
736.png,93JuUCL5cfn4HIK66
737.png,rf4eLNBQ5gtZyhxUspCI
738.png,eqJesGTpbUbUR3JF4Ryv5cZRlRZXKnHhyWbJ34yHHyLSPC7CDMNQR7JAij1
739.png,8nFbm3Y48PQ7DBx4o62vgRmtH
740.png,pSgfujuckWLSNGDHnOO0fq8KqNiqKIAogznMS7CJTeyrTvBTUibgMc3
741.png,8p7XyoB1LX3F
742.png,c0EN6X6y5jvuTHRekNK2Mbs4YDhWwAqoFbcYjkLFqdOZAATJZLNV
743.png,DMeNxiqFrjvLUnaU
744.png,HiPqSdhIBA7HzgBszPIrCH7Mmt4eKIK0Bx9rdKFBbjrYWCsSP5bPB
745.png,t8VLeaFlOf3yQmV5NsluweAcDzqqaEeKvPb
746.png,ATPGw338C6xTdIifcFOmu6b2eZIkmP7hI64N9Fzztm6O4KWLUmZpIFJa6e
747.png,BWUiHZlcSYB1GqrFxmVrCOX39QoH7hs
748.png,2FY46BjWd2
749.png,wJbsDfBcfAfFoNf8nSVQYnDGnDsZz52QKeAnjy9XimBWL1hvtUMCszTwy
750.png,AfpwCDblMiPk3o5mJhX2RAmwYWk2zuH10tcFa0QU1xgmOlV0pXyu7vaR6Heem
751.png,AR8hpvVQG4zt7Saz9UIwsNPXbrdPdKJaSd9Yrq9EISOvskaBROgeB
752.png,x8YitdsP0oHJQf1sy9fmLVgFVJoZw7bwuRRhKDbrM3
753.png,ip9jKGjt9XcrIQHI1NdaLun5XhPh0pMBr0lDHrO1Pkk3creas3opMc0U
754.png,Ti2mHunrn0PMmeVyT2Ix7RdKSUqFLig5zYN1hoNsqLuO21D2pMxDqez
755.png,2fAruOCgbbt1CPdTy8EhaFWwsgbOZonk3j9dOf53UHTcvi
756.png,gEhyLMnCOUEjtsgfSUQBYrIA
757.png,EQgH6xjNzAvNhY9BnwgP2VLIK0yyEaVqLb6BbB0
758.png,ZKVyc8zb5cH5Y5vmsOY45dUuN70yE
759.png,ZMMnkDKoQpQX2C1tuxKiw
760.png,O9GAPlQB1tfCTelyC1jRHdrgzSSHGgTumvoyRn9v25ijxTvNHvZwUWDsthB4IY3
761.png,Xr7gpf33vJU2Is
762.png,6AnAQRX583e7HQewFAoP4Gf1S3L0yQdj7BvnZ6eLc2hq
763.png,0MLTxhyy7LFKDbkQ5qJMcIz
764.png,FYpFCMLbTFUXVw
765.png,1mKgfnNlfybIOsyA1oLZmi7Q34VVhXnGfM4esmqrJskFfr9B6IHFe
766.png,BG7v1T2DLXtNd5wY2Lycdn5
767.png,ctxV5rlzbo2lKIzmltml0s
768.png,vxhGN7nykuXAlVo5fYVWzXKvig6
769.png,Mm6KXgXlDmQo9J3AlUoIzARmoVedgWpxfc0bhEeFsbFno0b1IQLs8C5w3DI
770.png,dgRA8EkYVvni53y5P51Q2m7d4BEU93Qh3491WmsFpKmcnVkVbK3iNi5MI
771.png,2ZDjUoOordYVknMTHT2KESPovlpDmdJFbXFlmKxhaVCuzAvwM2K2
772.png,QdX9ijtmdEfCn7vguyme0o0tJOWR8D65h89FIGkD
773.png,TlUtrcI2hQ3coofm2H6aEKBfsWqjv9zl6T2
774.png,KUyB5XoFfbFLp9MRoLU9bhHxW97V
775.png,1OIIoxZeErJDThK6ExdcgshY
776.png,mX86Gtfu9Mi20xSI66Ly761VbjyVoqkeJpm3P7Y75L5xth2BRPAdIW
777.png,fvMSFG3F7Lh
778.png,1JPkxY3CbYgVOggmwufd6T2U2oVMFgq8zv7C34Uc4HIszo45y
779.png,Nk3poymGeXeDCNzY0csdqnwuwA
780.png,Ck3XRpma6jXWKiwNtnu335HN2uNCekUc682Q
781.png,bEXuuXPHCgBDORWg4ohc6T0OmIxCr5JOMH0QRccnju0AIV5FCR0S
782.png,PU51WWaCmC3qcY0WOAIOXNoWupL4XleL3Cj3qL
783.png,wWZ4qOHddKij3MyCKcyzxrxZ8bKguse5LZtq9wBvBRHis9uRGUO
784.png,dbQ3wl30W5nvqQRScJOPgRdjjOAXVjqKDzdRXpZeU
785.png,AIxKOOFyLMDWFYb146x1MhLmuN3ufNDq5gCloh30PrHDnvfxmgx
786.png,9wsTVvKMllC7cjZK9fc3DvI9AfZqHTIhpfZkwkQWz4p5um
787.png,rYHPr18tYs3kz2N2pFhvV
788.png,kKE1k6ZSlr3G2GmI0qwJYiN
789.png,UvSUoA1PRQH9Y537vlX9LO5HI5QE9jg
790.png,Q9XSfokXs3a484L6
791.png,VZFSzxM0u07ykDo4fi4Vw4CFtjT6FxnSFUo
792.png,L6qLNMW2aHdw2WOVITTTV1XCr0XvLRwJwTs
793.png,KnSO3sA4YC
794.png,x9ItlWWrPB2HP372KgwlsdAHxyWZ8ZgF8ToxNefzvzI7rRjwBiq4fP2z
795.png,7XGDiuzwQlkTvMYIZ1p2AqF9
796.png,tw8iMmhqTZG626B0vqtOvUDe8J0IUusVil4u2mtDAO
797.png,Gqbw95KOrgf2R1JD55t0FxY2GMxjO7LiNxw3FeeXjbI
798.png,yj3CK0vquE5tPdB6zW4yfyczVSHHDNVahJBn3rIl
799.png,Cm61a8dLvmgVYEPoO7laX
800.png,iS2WyjfwSSBSNyBno
801.png,e9SwTnhWPlBIGGaXKHKF4zC4khk1JJSfxx2hLbDmCnjNozd0w
802.png,Otjyoo2J9wQ8sEYOp7k1tBPZ1FvXKfkCwY3e6ojL
803.png,JwdAy6OZLaPjr9B2nr
804.png,QMFi7nvngz5vPlZcLdAh4sIUeDNJxzV0yCtbndS2YjpvYVfnSI
805.png,npjGIp2GPoNgss
806.png,JjbqTWOqX33iQlxqm8NrHBwVLMjIbf
807.png,hgg3alhw0ef70wFcFG07fs7Es4IFPy8NF5JAb8liEZAoJXjbT8EK2BERw
808.png,C3GtFYk3sS
809.png,DYdmyPakk1HhkdN577leFKMCX4KF5cyhdQgcFBXslm9wsYyZ9
810.png,40eBqxTeNXOmsoKRhdNEA
811.png,Xz1bB5Fautd6
812.png,AZODkmvkfR
813.png,LRzp5REgRf090TA7xlD5CAkMQpOPgU1h3Nr4NyDy
814.png,Mgz42kN9IjqqsHt3ga3eSZvgE1ZfFNksQdWyBKQHa3bYjXZ1cF7Ao1ATCC4ve1
815.png,ETw16ixVXI14gjuM88CXeef8K28S5NchQ4yzjKeZVTK1mwbmcfOC9tXI
816.png,if4wywxc0IVP0S
817.png,31umGa4NYG7VqMpfCgKuXz6kUwn3P
818.png,n9BUVSkheUsAX9J
819.png,L2Ub88gY5vL9NY
820.png,tzwmpgzg09F16Pcii8usE7JXJQg4102pt6w0lJCFXsctujGmSzYug
821.png,6uzqmHkOYcrrmhyx7q8IZHwTcF0HBN
822.png,FOJkzFSFwqcEHa1LGhLizyD5nicMBppreXwBYproI4MXw0MFZVVkb3j
823.png,8bx6HsuE06azRRqpP6A156XMGvvjl8LrMT3P4wQMZ
824.png,5xm5LFVCPlWhiPoBIA9MdN6X6
825.png,O8a8g3ScuNxedj
826.png,QOrHkZInagIIJahM6cQvRw2wD1wgP6SyD9RoSSZQ
827.png,d9pUTvbeSTJeWiIlEpc5gsAc5vSFTW9
828.png,sQhp9b2HEh763TCsYYGFLegysfc3wByaK6Uk2iBY3UoNLOW
829.png,2EIEQhAK7z03GmoQko2EnOgvfOW1NMrA4wV3PF4qZ
830.png,c9XYMUdvz8
831.png,SUseuhKWSmdJ4h1t106XIx9hHTtRo3LoYn62SnV9uMfyn0I90M
832.png,v6SbrhO8dQkz4RF6OA
833.png,BwcqfCU80usmjEVbE31Kjz84Zm88Wknhw
834.png,rrPj4hXEa0Ab4GcFc3Ykjlkpn47s6a3jP6zkseIJIiD5okN
835.png,BtMMyM2ZbxquGsvIAeR9coatMMp756t
836.png,FOh3tLQIxD0adBToXG3Av4W
837.png,QExJUgidaeBu
838.png,r7Ul36vgRx1MVbENn9pGnjzBUtuMXywpSwROjO6q9h4ey8z522x5hk
839.png,IFaBsGIJ6Zis9U5VdvEbJsODtQrWMKnl1L60YuEH1ydKQ
840.png,10heajNqRhzbFPatmzRVxm9jrCKnVWQp2DQ9bCb7oXm2VrFHW
841.png,Mbn3e51cJccoEMf
842.png,V2nCYo39PXkwmTMEykGyDCAHCEm6Dj443l2pQjyyrR8U0w7jdXzVo0
843.png,Zi3rgUYi9OLUHWNlfIrKKilj7r58sBC
844.png,Q4IWAI8WR8Ut46O
845.png,gMlm6tY4UqtE3MkgFmHefgzFYai2tC4XwF2RxLx2a36L4NV7aBrtHiK5qF8fB
846.png,S5XMe9gd7pQrkSUXqPiOJkTAHvIpyVtGVcDuK
847.png,bLSFUfOgClowzUfsNa2hdtIAA7CRqPBtl5ItkU5ld2qy4X5owj7EMBsO3OiaP
848.png,vEX91VNrpDRHGtXwrCUQOu
849.png,8nzfoEMYkYCLD6aVvZTwForF2812oEh0ZKAoLBfeL8iq7hQGENYbif
850.png,PEJ3tXkGEb2Tzlf5GzgrHRUleB4s06UJ1MnzEKWXHgyRY8dn
851.png,ydFqrX2GYMomvijj9t3zYiQoPtZndduDIQEmdovFC5Pf7o84bjxN10
852.png,UbdoGJcsvdnMPGwsyraYXZI8zC9aAfi7VppDAas
853.png,lJPtAT33NeBB7J5E2ZhUpzgSlEp8
854.png,vs2KnoGLX4RMosEAWAKFUusPT4hknVQBVp8wdIx1hM8Mbfyr12sxMMUJskgNyZU
855.png,bqZeHcgIkqJ5I83JmOIgXaQFvLEnW
856.png,BM0qSf5ucSbFVVKe7sXaW2hSWP40zgU9iulOUy6
857.png,U3F41U11LpZzq8MhCWReo
858.png,0MkNeULaOI8T1bHYe8TLRbWPbzLc78yufKULAQpwuDj1NxEBplBdyqCgzKqi
859.png,Nvh2Ipi3bLicZafiICjNLDDCI6
860.png,3shStfdGXyqYHEFJZ
861.png,1OKfKyOqo1TC2hNdo5ybmtwAzZ6szveyKWlWKqlE41a
862.png,plf7goEwDOXGgG5iEcHLVZG4HQgMx7WJFSOZvvCV57dNlzJi1fzsvdCS
863.png,CtEQfq6zQqu2Jg21vZu7PLm5B1us
864.png,SUa6LSrNIo0a1KwfYyna4mJmRDR0Js3bYEfqPBoUoKBLYjTBO
865.png,xXaHpBGh7RuTSVwoEP7eZQ5ro1ETbIP6sg8WP
866.png,dBQGDrSHWMnG0HA
867.png,JRYjBGoW4twsrvQfOiXbJ4cnpeq0GHo8YGpQ8
868.png,Ea2YpkkPc9
869.png,08GKuINQOBmagO9r95502OSRRQbu997l78KP
870.png,dwC3znJ7CMAWJaAX8
871.png,kU5uBpbfaDjhooErsN1s7B14K7LOeaol9aVA7tzRcYyAuWMPkCnfVpK
872.png,F0P6Fv0Sdrl3Vs68zxnHhI8JdI3IxUMAuYcBwc6DzibR7VKpa6Ph2enyJ2
873.png,YRpAeWepQ21huxPAoWXDPlxvOCUUGknu6xWip
874.png,Tk9YuWNv5LD
875.png,c5OB6XPGKwPdhRwew4xm8OR7cH97kZEqPDA48Z12BrvUVb7f
876.png,zm4FGTbIppa
877.png,LDyQkmg1bz1m4eiUcsimNTYiSzUWqd1k2IlrtjC
878.png,9WdbXdMG9P
879.png,bt4iBfHNSaDzqz8cFPyAw6aPrutfrLCEVlZIg4u0DwICCX
880.png,ar7FytZtFDBvdrbMjs2Bo
881.png,uyWQ8ugnajTLwJY5wBBL3yb7ErQTqCjLEuEgHB3bylEoUx
882.png,x9HpaCSpxQgrggigBHyVZCq7A3i4gTl8WA0ltgqf
883.png,a35so5maFsESVdK2crfHW9x9xGMIHvYoqEmXZChcB2Y9cz
884.png,Vh16xjFRChg9hKMIIqww8rz9ojCZ4oKVUbCBhjWz4aF
885.png,31RXf6in3VexuUdbq11pIlhbeyP0QaO2fZ7k6ljGMCaG2VVzhBpw4XmUimk
886.png,o1lpO78WeOMXN1hsb0cVCkHQZpjUZZR1d3Ub5SgeOGGvk3
887.png,Tw4zW1BKnaS6SvS2hXdYgTLz0T75qGkTPi0E5Vr1oC
888.png,eVXuMDKlRXDPu5JN2sIAdl9030Htt6FKf1tYHyngSWVZ35cKlIg2VPx
889.png,CF3s91rLMhJ8SOg8dw8uQNezfIL2pY1yfYgAwmH
890.png,s6UuDix94ctqijV9kAn4r3NhzJVDBKJ8
891.png,jU2z2I67fUE1ai3HxtZ7OQyhkPRjI2hsEQplpjZCiUUoO2KQYahq5Z4R
892.png,zjCViXUCU3FZtpEurE5qihhRcd9Mj4h0w
893.png,bO7H4yxqyhigASVs2L4XInN
894.png,HQb5L3xqm5OKwFghW4dR5Pems6ITC4dUOu08c
895.png,2nmnhWW5KNF68
896.png,HCOcIzaSyNPVabedGC0fBM9
897.png,hAzE0kX7AalE3I0kzGniNb2q0fFeUZ71IpLDhh63wzQr8auG88bogu
898.png,cpbggX28ZLaoCaWcMoOCx6Wck0gtbu4Wg2YU8
899.png,Orn8vaNxHO547eayZeKbP
900.png,JFdRVcJW0uY1yMCtUgoW
901.png,fWH8K5R7jzwO5dctnOw
902.png,p4aAtkX8y974XMK6LdPvtE2smmm2fi8g7ezJB3ZjtgzPLR9Z2jIRmTts
903.png,iaxji132xhy2v
904.png,uU3BRI57T1Bvvp
905.png,cMCdxDVW8fQ7WaTVDCAoBkNmb0jkHoOfaBHucX4s6lRbwTQhXOl2
906.png,zyM05IytHkxw9OdpZeg
907.png,sG8rlBVibAzXu9JWZlWNnmxg3WIZwW5VBdPRPnoPDhJiMi0J04F5R
908.png,P5HU29yXpn224hYfAXJykng860ijkqfL3Pr8
909.png,vco8dSX7tS5S4R4e286pO
910.png,Um8dWED812vBar2xMSeCmGKB84
911.png,LzNrKfjQ6rfWs4qajurfTkWa5WnLz7vb9cqXPT9A5Cfvop8NEDqdy
912.png,gzYFw48fvLX7QKKV2bo74VXl6c
913.png,9LgIGxnqcz3
914.png,fTPNG7bJCE0s5
915.png,ds4kEgpx10pI5R35cyYFU95
916.png,ykBfHKA5fwZGyil3iPqVDsnWgxqVlmfafsEabwrjuzE0WHL1CltuWL9awYEMn
917.png,Ehai814vu9DbDvoPU94SRlJ3iP0OL9I76oyt2lE87lz
918.png,ComUiEavKZzc9Wz0WwTJMhHPbCEKaNCh8
919.png,2tehpA41dbeTJ8biKpYqE9gB1gYmVReGTjH18gtZYuze3MwJ0BRw9YrulYpVZ
920.png,goOVzYXzZSz8SBHdBXI4uroQfKdq
921.png,F9REm6KbFMjwe9kfEv8QVM85j7OdrAEqG
922.png,ew3T6OUd3fnrgqOayY5HgkAhxAOW3yLaSxcQBJX0uVGWSAoJPJIw9ZKQV
923.png,wR6QVEDHFpy3mIVGiBIJgBR2qGiFudpYODOCq
924.png,IAZEMmMXAhGjGgM5X
925.png,o3cPAJg4BiOdLoR6faG3YBfmxUSQswYNEGjrxlRp71d0pQ2GbQUJei89DvqN
926.png,1n4o3EkUGLnLqadfl8XqC58lVScXaJ9rJCeRudkm
927.png,Cte6agCqpvYyBfgXmldkYHHvT0ryZ
928.png,kdVc7DtQKl2BxZj3nWLaPVkTFtLdnAyDrOhZf
929.png,ew6pPILIOKRlaWP0gQlktkPardX7eLLmyzQuS17IFHSrNvpYoxx
930.png,eATKHCdpZftQFwW52uh47fWWei
931.png,mg7an5dfDh0uIPDjlXL4YNHHH6QNa2BxWwfDvxom
932.png,W5cCB2sizEFwwLHPyRgkLzACFtncqyI5srwofyAEUmqtKcm0gY
933.png,xc3seNaeMC2IipBRhCdqvI6Ij3uvxkmM2
934.png,gNw0JB7lineCWDrijmMuovsf6ZZRiklu8Gx25c67Cy9Gm7pwL2j0J
935.png,13cVp5AHYBhM8HEAgPNqhEze5pnlpNqRLZo
936.png,6Lb39GaedRaTHA4Ku7z2SYtrzQGrvYVoeRhjJ
937.png,AA615SdxEPWLKJdYROPpSsYqnknKxsiXoa4U9DHTr
938.png,Tu2OXhbmrhCFO84C24lkvzNEU6MxNSG0Fn11oQ8VaZO3
939.png,zQIFOTy2JfEcp5oNlGCAdsEdp6In5J8BejpOU9r72fDniUvgC5LLbA7A6tJxEx
940.png,Qg947ZHzdmsrz7kILEjZqPzPcKs9QJfJSwPPa9gUbQD8PjvQIAyeFJsPA
941.png,YPA2jdTLbCqrdNwVzPMTj2gtEbU8qNpZoF
942.png,QTbZieFTwdp054WBp6IZHnab4jvuIW3V3KWRhJYEcHFdoZXOcP2ougD
943.png,QzN8BLjPTlgulXZOMAxT5w
944.png,oTN2VzVEBAydMN4dgFomu9FNO78FaQ2CD3GkxtEIEBernTEaF5UsDYx40
945.png,k6tTYx7DHCGnRbw
946.png,dKLYybiOXPyvRUr3LAppsOZIEdnx
947.png,YvCbWGOA0o
948.png,Nk4gLggzNvRJrGIPTFWpJ8c9
949.png,wDwb0cVVKxzBn1LXWCraPfEXtm6wjZCxj3WGdGITpc60L4D2p8py4
950.png,8GQpYFBiYQM2Cmb612onVYZI67H
951.png,cQNWozA9EAJbYRni5umDNuMdqUOJGFL4X1QdlssKMw9Xdbz0kWO
952.png,Af1nRas9KpvsRZmuoxorjh3qoIODqeWFOn5SBxwuE8wkwzFKnSjlshUAf9c9H
953.png,lRbFV51L1gm7YAUImtb0heTLenj2aQwkhPoOIDdjVAgc9HyFia
954.png,TE0MNyziJ3CP5c683zsOkLHoSR8B23kzwdMXfvj415zn2sPxDF76KbBiZG8
955.png,micUnVIFoabT12gj4gtHmi3LkJzg3bZdQRt
956.png,Qg6CDhwzfn8AC3aEDRVeq2s7vpifsIrAkmxOq0gGP1gGa3qN
957.png,z0YDlJFGws
958.png,zvg3IddzVeZ5ulbEuJkNaTir6NO5HusBZUp5LpsZgVbGF3dQ
959.png,1niTRJcqLLiLIF5jnpg6nii1UtTvXcQeRMJ
960.png,WWk4bG33kShCky9Uo7qkBvJwUi
961.png,7UCs4na6v8oYtIdvqwd8yYB3kiNyQw
962.png,UkAEZqogjA1QiC6ywk
963.png,m93QOKWqBzd407BH
964.png,3HmBEOOwbrjY6QhQbjfTHrlsXxGpP3SGP7J
965.png,MM1lBPw8weR0yKOgozV9W5U
966.png,onKdIsjaulo8oEklcwS66CsEmdsZVUl
967.png,U3Z5Zxl00PU7z45xJyLCmL
968.png,wjzfiqXAMPNTe
969.png,ti1F33UA9C7Upr3O2
970.png,V0WHm9yhrpTS5LqpauSgRZvXslSYcjOkqiXJlh8ZbZ51dC3v
971.png,XnWZDahwH0uCp5HD7pH49PY4U1l06D12bSGtWKhSxkEYd
972.png,n9mIcksvsdGvqF5ZRsf4Ymk9fxF0PNd91aYE19FBGq00sMUh8lt5TxT
973.png,3ZLYYjJmUJZOqF1RgT4D4NKhyWrf0UHOiIG5t5edirOt
974.png,7IsDKWQjfggOjJPHe42oLvGqH4QaNX
975.png,0uPTxDGfjKm87KSABKFpj1
976.png,OLsUdsHQRJQBf0Fi4FSor
977.png,HkXUug6NxY3hnU5wvPGl3OSCj4Ox37tWHGTpnJkuiy9Jra0L2paYbqWIgVf
978.png,3CnzGv4KzS1PJufIVWQO4s7DqiIQPOYc91DFW00UWWJi3d7Nagg
979.png,0EvyvP96mUXMvGqe4ZBpIMuQCXM8hyEcy
980.png,Gu5WjmvEBplKjR2Ngb86rtWOcRytTjRhVe5GfqhUuXNQN4wD
981.png,8pNblXX8cU43HqNlBiOagYl4j9Ox1L35NsZ9Go0BmwmoYgF7qtyaP8elzWx
982.png,JFcNobOf0aBmWdS4BqPCgG46XDT0wINgVEflU2ZQLp4Sn4p
983.png,GSyNIEPg4xzsQj9BBofkBBjIz3
984.png,NiMN6JOod8eOPgEI7ZgCDxb1IBN
985.png,juKtrkJISpuYJq6lbsI7xPdahBOSoSWm
986.png,DqhVIOxxtOWIARtbsHgDeCAxKI8V82
987.png,zDx36M2QuJyXA1FIgFCU6BeImf5KIaP1ClDwWLkyIhRAaXb
988.png,QSSGNmsKVQW3vrWBtrYN2dgv9ZiYHqAl2zm1p8tXXfR
989.png,0lGE41p9vFa3ZEesglcW3YxBKbswPyNUxkV
990.png,8nbh0btp1oujp9X
991.png,dhlT15NmcCsfRlkcj6q5IB6hAkRG2naGLL
992.png,O2d2vMzxKc57fCyojEI07i3jeAHVxh6p2jC4umIA0229E4h
993.png,vKcpEF1xXFaU9hB8YwYbNd0Kc7oIsh9jZI0VnYAPU7Os1MTCLx
994.png,gtRd9FWFgeRr
995.png,a2wfJSKNpBRvjBOArR7IN9Sob5Td7XYhUCZ3o8Dnu
996.png,uKrkKJtITrc3QTehcCnWb1CdfllpOtpkt
997.png,HYRfr9HjdWctZu
998.png,xnUiCxYRLN6RrtPbYAiva
999.png,l6vEZEzpgkZ
1000.png,iGzE4K80Twg
1001.png,6S4BkWNJx5Wp
1002.png,3nAYklRl4azooZmaxFuc9LPmUMJ7hUQuYU
1003.png,kYC8la36tvVmsslAk6kc0F6AKKcpXgFhZZevTeZOY5K1E1SV
1004.png,BDrweMIxOLsYNQmRzyY49JZB4kMPlzD
1005.png,ffqmCSOcqUwJ1Aw65
1006.png,suM9o5xLvnoTGyLGNxR2zyB3t5rfLh1xynFHgfImHiJXxQTF
1007.png,KYLPjwO19xPzNJurcZsAoCefsGfbq
1008.png,C1sxNcxwOFT4j
1009.png,6BuEmmSH3lT
1010.png,ituFtemW8r8VRWrVPK2VtOYVJSgijN0q2i9D
1011.png,Aq58IpHWf8OjYMQcHM31HyH72CcWPK20Za8HX8WnqCmtKdoCWHwiwmgF
1012.png,wwt2rqqhFr7WXPrRJkBnzpBo866
1013.png,V3T1vSPtH2vhN2hl2Frq4
1014.png,8NUAtqs8OvbKM8dvR1GWKmoduCU7vFfZtbIgeY1
1015.png,iMg6NzzvByZ3tUNNCpDhhKEaXrtqrPKw6RkL3hGpAPs35xhxd6K
1016.png,mPdeV8eQQT5
1017.png,mR5SgrPpHn4NjQNL
1018.png,pW3UF3lp9eUy7imydMJ66LkyrbhzG4wKc
1019.png,PtDnWdSEp1f8DTkbZcS
1020.png,Ag9nBVVu0UJ
1021.png,OgclpLFeyuQdcJec0I4pLX70vnVFTOh9n9iy5NSTaK7rtJyrerSVm1
1022.png,WkWGzpDRzjwjcWDJ
1023.png,FlAeiKFJysIp7ae5R8SLluPgg8UMhoOr5uwPwt